patternName,seqName,start,stop,strand,score,pValue,qValue,sequence
kr,forContructTarget_eve-striped-2||Dp4|-/1-1108,843,851,-,11.9763,1.30E-05,0.0283,AAGGGGTTA
bcd,forContructTarget_eve-striped-2||Dp4|-/1-1108,203,210,+,10.2024,3.26E-05,0.0695,TTAATCCG
vfl,forContructTarget_eve-striped-2||Dp4|-/1-1108,862,869,+,11.5347,4.14E-05,0.0898,GCAGGTAA
bcd,forContructTarget_eve-striped-2||Dp4|-/1-1108,569,576,-,9.7619,7.72E-05,0.0695,CTAATCCT
bcd,forContructTarget_eve-striped-2||Dp4|-/1-1108,732,739,-,9.65476,9.50E-05,0.0695,TTAATCCC
kr,forContructTarget_eve-striped-2||Dp4|-/1-1108,204,212,-,9.60355,0.000136,0.0889,AACGGATTA
kr,forContructTarget_eve-striped-2||Dp4|-/1-1108,789,797,+,9.49112,0.000151,0.0889,ATCGGGTTA
kr,forContructTarget_eve-striped-2||Dp4|-/1-1108,730,738,+,9.3432,0.000163,0.0889,AAGGGATTA
vfl,forContructTarget_eve-striped-2||Dp4|-/1-1108,69,76,+,9.5099,0.000208,0.226,GCAGGAAG
hb,forContructTarget_eve-striped-2||Dp4|-/1-1108,798,805,+,9.94521,0.000225,0.449,TTTTTTGC
bcd,forContructTarget_eve-striped-2||Dp4|-/1-1108,738,745,-,8.60714,0.000401,0.204,TTAATCTT
kr,forContructTarget_eve-striped-2||Dp4|-/1-1108,931,939,-,8.14201,0.000432,0.184,GCAGGGTTA
kr,forContructTarget_eve-striped-2||Dp4|-/1-1108,4,12,-,7.95858,0.000506,0.184,ATTGGGTTA
gt,forContructTarget_eve-striped-2||Dp4|-/1-1108,395,408,-,7.44578,0.000524,0.679,GCATGTTACCAAAT
bcd,forContructTarget_eve-striped-2||Dp4|-/1-1108,819,826,-,8.16071,0.000582,0.204,TTAAGCTC
bcd,forContructTarget_eve-striped-2||Dp4|-/1-1108,838,845,-,7.98214,0.000619,0.204,TTAAGCTT
bcd,forContructTarget_eve-striped-2||Dp4|-/1-1108,829,836,+,7.92857,0.000651,0.204,CTAAGCCA
bcd,forContructTarget_eve-striped-2||Dp4|-/1-1108,223,230,-,7.68452,0.000813,0.223,ATAATCTT
hb,forContructTarget_eve-striped-2||Dp4|-/1-1108,702,709,-,7.59589,0.00102,0.449,TGTTTTAT
gt,forContructTarget_eve-striped-2||Dp4|-/1-1108,887,900,-,6,0.0011,0.679,GGGCCTTGCGCAAG
vfl,forContructTarget_eve-striped-2||Dp4|-/1-1108,757,764,+,6.82178,0.0012,0.869,ACAGGCAG
bcd,forContructTarget_eve-striped-2||Dp4|-/1-1108,612,619,-,7,0.00129,0.314,TAAAGCCC
hb,forContructTarget_eve-striped-2||Dp4|-/1-1108,542,549,+,6.69178,0.00134,0.449,ttgtttat
kr,forContructTarget_eve-striped-2||Dp4|-/1-1108,775,783,+,6.69231,0.00142,0.332,AACGGACTA
gt,forContructTarget_eve-striped-2||Dp4|-/1-1108,391,404,+,5.49398,0.00142,0.679,TGGAATTTGGTAAC
kr,forContructTarget_eve-striped-2||Dp4|-/1-1108,648,656,-,6.60355,0.00147,0.332,ACAGGGATA
gt,forContructTarget_eve-striped-2||Dp4|-/1-1108,781,794,-,5.39157,0.0015,0.679,CCCGATTCCGTTAG
kr,forContructTarget_eve-striped-2||Dp4|-/1-1108,526,534,-,6.56805,0.00151,0.332,AAAGCGTTG
kr,forContructTarget_eve-striped-2||Dp4|-/1-1108,610,618,+,6.56213,0.00152,0.332,AAGGGCTTT
hb,forContructTarget_eve-striped-2||Dp4|-/1-1108,145,152,+,6.17808,0.00169,0.449,ttctttga
hb,forContructTarget_eve-striped-2||Dp4|-/1-1108,156,163,+,6.17808,0.00169,0.449,ttctttga
kr,forContructTarget_eve-striped-2||Dp4|-/1-1108,352,360,+,6.42012,0.00169,0.336,GACGAGTTA
hb,forContructTarget_eve-striped-2||Dp4|-/1-1108,559,566,+,6.06849,0.00178,0.449,tgtttTAG
bcd,forContructTarget_eve-striped-2||Dp4|-/1-1108,665,672,+,6.53571,0.00178,0.391,CTAAACCG
hb,forContructTarget_eve-striped-2||Dp4|-/1-1108,237,244,+,6.04795,0.00183,0.449,ATTTTCAT
gt,forContructTarget_eve-striped-2||Dp4|-/1-1108,363,376,+,4.95181,0.00185,0.679,TTTTATTGCAGCAT
gt,forContructTarget_eve-striped-2||Dp4|-/1-1108,883,896,+,4.93976,0.00186,0.679,GTCGCTTGCGCAAG
vfl,forContructTarget_eve-striped-2||Dp4|-/1-1108,1062,1069,-,5.85644,0.00189,1,GCGGGTCG
hb,forContructTarget_eve-striped-2||Dp4|-/1-1108,550,557,+,5.97945,0.00192,0.449,ttgtttgt
hb,forContructTarget_eve-striped-2||Dp4|-/1-1108,554,561,+,5.97945,0.00192,0.449,ttgtttgt
kr,forContructTarget_eve-striped-2||Dp4|-/1-1108,107,115,+,6.11243,0.00207,0.364,AATGGGCAA
hb,forContructTarget_eve-striped-2||Dp4|-/1-1108,797,804,+,5.79452,0.00212,0.449,ATTTTTTG
hb,forContructTarget_eve-striped-2||Dp4|-/1-1108,546,553,+,5.71233,0.00225,0.449,ttatttgt
bcd,forContructTarget_eve-striped-2||Dp4|-/1-1108,582,589,-,6.125,0.0023,0.45,TCAAGCCC
gt,forContructTarget_eve-striped-2||Dp4|-/1-1108,93,106,+,4.36145,0.00242,0.756,ATGGAATGCATAAC
kr,forContructTarget_eve-striped-2||Dp4|-/1-1108,490,498,+,5.88757,0.00243,0.364,CAAGGGTTG
kr,forContructTarget_eve-striped-2||Dp4|-/1-1108,418,426,-,5.88166,0.00244,0.364,CCAGGGTTA
kr,forContructTarget_eve-striped-2||Dp4|-/1-1108,642,650,-,5.84615,0.0025,0.364,ATAGGGATA
bcd,forContructTarget_eve-striped-2||Dp4|-/1-1108,777,784,-,5.94048,0.0026,0.45,TTAGTCCG
hb,forContructTarget_eve-striped-2||Dp4|-/1-1108,1006,1013,-,5.44521,0.00261,0.471,TTTATTAT
bcd,forContructTarget_eve-striped-2||Dp4|-/1-1108,603,610,+,5.89881,0.00267,0.45,CAAAGCCA
hb,forContructTarget_eve-striped-2||Dp4|-/1-1108,1015,1022,+,5.29452,0.00279,0.471,GTTTTTCC
vfl,forContructTarget_eve-striped-2||Dp4|-/1-1108,189,196,-,5.29703,0.00316,1,GCAGAGAG
bcd,forContructTarget_eve-striped-2||Dp4|-/1-1108,1050,1057,-,5.58333,0.00341,0.534,TTAATTTG
vfl,forContructTarget_eve-striped-2||Dp4|-/1-1108,291,298,-,5.0198,0.00364,1,GCAAGAAG
kr,forContructTarget_eve-striped-2||Dp4|-/1-1108,278,286,-,5.28994,0.00369,0.503,AAAGGAGGA
vfl,forContructTarget_eve-striped-2||Dp4|-/1-1108,457,464,+,5.01485,0.00381,1,GGAGTTAG
hb,forContructTarget_eve-striped-2||Dp4|-/1-1108,1045,1052,+,4.63699,0.00387,0.607,CTTTTCAA
bcd,forContructTarget_eve-striped-2||Dp4|-/1-1108,413,420,-,5.31548,0.00409,0.559,TTAGGCCG
kr,forContructTarget_eve-striped-2||Dp4|-/1-1108,594,602,-,5.10059,0.00417,0.536,GTCGGGTTC
vfl,forContructTarget_eve-striped-2||Dp4|-/1-1108,435,442,-,4.73762,0.00419,1,GAAAGTAG
gt,forContructTarget_eve-striped-2||Dp4|-/1-1108,678,691,-,3.01807,0.00437,0.998,TGAAATTGCCAAAT
vfl,forContructTarget_eve-striped-2||Dp4|-/1-1108,178,185,-,4.63861,0.00443,1,ACAGGGAA
bcd,forContructTarget_eve-striped-2||Dp4|-/1-1108,992,999,-,5.13095,0.00457,0.559,ATAATCAT
bcd,forContructTarget_eve-striped-2||Dp4|-/1-1108,417,424,+,5.125,0.00459,0.559,CTAACCCT
bcd,forContructTarget_eve-striped-2||Dp4|-/1-1108,930,937,+,5.125,0.00459,0.559,CTAACCCT
gt,forContructTarget_eve-striped-2||Dp4|-/1-1108,75,88,-,2.85542,0.00468,0.998,GAGTATTGCATCCT
bcd,forContructTarget_eve-striped-2||Dp4|-/1-1108,842,849,+,5.01786,0.00495,0.571,TTAACCCC
kr,forContructTarget_eve-striped-2||Dp4|-/1-1108,672,680,-,4.77515,0.00505,0.613,AATGGGATC
gt,forContructTarget_eve-striped-2||Dp4|-/1-1108,777,790,+,2.57831,0.00526,0.998,CGGACTAACGGAAT
hb,forContructTarget_eve-striped-2||Dp4|-/1-1108,1016,1023,+,4.06164,0.00527,0.71,TTTTTCCC
vfl,forContructTarget_eve-striped-2||Dp4|-/1-1108,809,816,-,3.92079,0.00537,1,TCCGGTTG
bcd,forContructTarget_eve-striped-2||Dp4|-/1-1108,136,143,-,4.86905,0.00538,0.591,CTCATCTC
gt,forContructTarget_eve-striped-2||Dp4|-/1-1108,295,308,+,2.46988,0.0055,0.998,TTGCCTTGCCTCAT
hb,forContructTarget_eve-striped-2||Dp4|-/1-1108,102,109,-,3.80822,0.00592,0.71,ATTGTTAT
kr,forContructTarget_eve-striped-2||Dp4|-/1-1108,277,285,-,4.51479,0.00596,0.685,AAGGAGGAA
bcd,forContructTarget_eve-striped-2||Dp4|-/1-1108,904,911,+,4.72024,0.00606,0.633,CTACTCCC
gt,forContructTarget_eve-striped-2||Dp4|-/1-1108,682,695,+,2.12651,0.00633,0.998,GGCAATTTCATTAG
hb,forContructTarget_eve-striped-2||Dp4|-/1-1108,795,802,+,3.70548,0.00635,0.71,TTATTTTT
bcd,forContructTarget_eve-striped-2||Dp4|-/1-1108,791,798,-,4.64286,0.00638,0.636,ATAACCCG
hb,forContructTarget_eve-striped-2||Dp4|-/1-1108,628,635,-,3.67123,0.00651,0.71,TCTTTTGA
vfl,forContructTarget_eve-striped-2||Dp4|-/1-1108,218,225,+,3.63861,0.0067,1,TCAGCAAG
vfl,forContructTarget_eve-striped-2||Dp4|-/1-1108,305,312,+,3.63861,0.0067,1,TCATGTGG
vfl,forContructTarget_eve-striped-2||Dp4|-/1-1108,781,788,-,3.63861,0.0067,1,TCCGTTAG
hb,forContructTarget_eve-striped-2||Dp4|-/1-1108,1014,1021,+,3.60959,0.00675,0.71,TGTTTTTC
hb,forContructTarget_eve-striped-2||Dp4|-/1-1108,713,720,-,3.56164,0.00687,0.71,ATTATTAT
kr,forContructTarget_eve-striped-2||Dp4|-/1-1108,580,588,+,4.21302,0.00707,0.704,GAGGGCTTG
bcd,forContructTarget_eve-striped-2||Dp4|-/1-1108,359,366,-,4.44643,0.00714,0.663,AAAATCTA
kr,forContructTarget_eve-striped-2||Dp4|-/1-1108,35,43,+,4.19527,0.00718,0.704,ACAGGgcag
hb,forContructTarget_eve-striped-2||Dp4|-/1-1108,262,269,+,3.4726,0.00718,0.71,AGTTTTGG
hb,forContructTarget_eve-striped-2||Dp4|-/1-1108,364,371,+,3.46575,0.00722,0.71,TTTATTGC
vfl,forContructTarget_eve-striped-2||Dp4|-/1-1108,977,984,-,3.39109,0.00723,1,GGAGGCAA
bcd,forContructTarget_eve-striped-2||Dp4|-/1-1108,1054,1061,+,4.41071,0.00728,0.663,TTAAGTTC
gt,forContructTarget_eve-striped-2||Dp4|-/1-1108,674,687,+,1.6988,0.00751,0.998,TCCCATTTGGCAAT
kr,forContructTarget_eve-striped-2||Dp4|-/1-1108,666,674,-,4.12426,0.00752,0.704,ATCGGTTTA
hb,forContructTarget_eve-striped-2||Dp4|-/1-1108,700,707,-,3.38356,0.00754,0.71,TTTTATGA
bcd,forContructTarget_eve-striped-2||Dp4|-/1-1108,766,773,-,4.35119,0.00755,0.663,ATGATCCT
kr,forContructTarget_eve-striped-2||Dp4|-/1-1108,119,127,+,4.11834,0.00756,0.704,CCAGGGTTC
gt,forContructTarget_eve-striped-2||Dp4|-/1-1108,741,754,-,1.62651,0.00772,0.998,GTGCGTCCCTTAAT
kr,forContructTarget_eve-striped-2||Dp4|-/1-1108,634,642,-,4.08284,0.00774,0.704,ATAGGGATC
hb,forContructTarget_eve-striped-2||Dp4|-/1-1108,14,21,+,3.24658,0.00776,0.71,ATTTTAAC
gt,forContructTarget_eve-striped-2||Dp4|-/1-1108,129,142,-,1.45181,0.00827,0.998,TCATCTCGCGAAAC
gt,forContructTarget_eve-striped-2||Dp4|-/1-1108,1087,1100,+,1.43373,0.00833,0.998,TTGTGCTCCATTAT
bcd,forContructTarget_eve-striped-2||Dp4|-/1-1108,392,399,-,4.16071,0.00839,0.685,CAAATTCC
bcd,forContructTarget_eve-striped-2||Dp4|-/1-1108,836,843,+,4.15476,0.00843,0.685,ACAAGCTT
gt,forContructTarget_eve-striped-2||Dp4|-/1-1108,16,29,-,1.40361,0.00844,0.998,GCGAGTTAGTTAAA
gt,forContructTarget_eve-striped-2||Dp4|-/1-1108,991,1004,+,1.3494,0.00861,0.998,GATGATTATATCAT
hb,forContructTarget_eve-striped-2||Dp4|-/1-1108,557,564,+,2.9726,0.00868,0.744,tttgtttT
vfl,forContructTarget_eve-striped-2||Dp4|-/1-1108,276,283,-,3.11386,0.00868,1,GGAGGAAA
kr,forContructTarget_eve-striped-2||Dp4|-/1-1108,477,485,-,3.86391,0.00869,0.759,CAAGGGTCC
gt,forContructTarget_eve-striped-2||Dp4|-/1-1108,125,138,+,1.1988,0.00914,0.998,TTCCGTTTCGCGAG
gt,forContructTarget_eve-striped-2||Dp4|-/1-1108,124,137,-,1.1506,0.00932,0.998,TCGCGAAACGGAAC
hb,forContructTarget_eve-striped-2||Dp4|-/1-1108,796,803,+,2.75342,0.00938,0.744,TATTTTTT
bcd,forContructTarget_eve-striped-2||Dp4|-/1-1108,11,18,+,3.93452,0.00948,0.717,ATAATTTT
bcd,forContructTarget_eve-striped-2||Dp4|-/1-1108,426,433,-,3.93452,0.00948,0.717,GCAATCTC
hb,forContructTarget_eve-striped-2||Dp4|-/1-1108,361,368,+,2.71233,0.00954,0.744,GATTTTAT
gt,forContructTarget_eve-striped-2||Dp4|-/1-1108,1053,1066,-,1.08434,0.00957,0.998,GGTCGGAACTTAAT
kr,forContructTarget_eve-striped-2||Dp4|-/1-1108,729,737,+,3.70414,0.00959,0.787,GAAGGGATT
kr,forContructTarget_eve-striped-2||Dp4|-/1-1108,783,791,+,3.67456,0.00974,0.787,AACGGAATC
hb,forContructTarget_eve-striped-2||Dp4|-/1-1108,291,298,+,2.66438,0.0098,0.744,CTTCTTGC
hb,forContructTarget_eve-striped-2||Dp4|-/1-1108,558,565,+,2.64384,0.00983,0.744,ttgtttTA
vfl,forContructTarget_eve-striped-2||Dp4|-/1-1108,401,408,-,2.83663,0.00989,1,GCATGTTA
